61750,Sarah,Treanor,Mr.Charming,9361
36183,Pam,Gallagher,Mr.Verdant,13785
34036,Grainne,O Flynn,Mr.Fierce,45693
98010,Sharon,Morrison,Mr.Utopian,98108
44517,Catherine,Varley,Mr.Automatic,43548
70353,Aoife,Grennan,Mr.Helpful,53966
47579,Nadine,Varley,Mr.Frightening,94950
75659,Nadine,Treanor,Mr.Direful,98888
4469,Lisa,Higgins,Mr.Trite,54320
29310,Rebecca,Walsh,Mr.Exultant,32741
90215,Katrina,Shiel,Mr.Mundane,22432
44175,Olivia,Melly,Mr.Next,22981
27231,Melisa,Ward,Mr.Doubtful,82165
51096,Lisa,Tuffy,Mr.Same,77004
36591,Aoife,Lynskey,Mr.Fortunate,85239
27375,Gail,Walsh,Mr.Testy,34480
26739,Bridget,Comer,Mr.Dependent,303
78668,Michelle,Jumail,Mr.Wide,53966
49047,Hannah,Egan,Mr.Gaudy,22336
23887,Michaela,Padden,Mr.Milky,303
16279,Marie,Farrell,Mr.Determined,23241
24754,Aoife,Carden,Mr.Gratis,15415
77090,Roisin,Hyland,Mr.Lame,23595
56575,Aine,Higgins,Mr.Broken,58353
33389,Sinead,Sullivan,Mr.Curly,34871
17074,Michelle,Smith,Mr.Wide-eyed,9174
34918,Pam,Monaghan,Mr.Abashed,2662
26431,Emma,Gordon,Mr.Public,87774
86606,Arlene,Mc Keon,Mr.Flimsy,38075
42973,Sarah,Morrison,Mr.Superficial,60548
31327,Lorraine,Mulvey,Mr.Gabby,77966
4587,Bridget,Leonard,Mr.Ablaze,91501
79113,Sarah,Monaghan,Mr.Curious,80674
15531,Laura,Mc Phillips,Mr.Calculating,65972
34450,Sorcha,Doory,Mr.Icy,65122
62937,Siobhan,Melly,Mr.Previous,15110
63921,Ciara,Dolan,Mr.Pushy,43083
26800,Stephanie,Shiel,Mr.Early,91121
49312,Eimear,Devins,Mr.Ill-fated,78449
51531,Sinead,Finn,Mr.Slow,10642
37545,Olivia,Tighe,Mr.Helpless,69698
15095,Stephanie,Higgins,Mr.Careless,20920
73504,Lisa,Regan,Mr.Familiar,29866
82362,Marie,Haughey,Mr.Handsomely,82716
15609,Clodagh,Timlin,Mr.Mushy,84212
47605,Lisa,Heneghan,Mr.Material,45279
96362,Niamh,Kelly,Mr.Optimal,1429
20791,Arlene,Conneely,Mr.Omniscient,45433
25951,Mary,Henderson,Mr.Crowded,51400
21584,Aideen,Fitzpatrick,Mr.Magenta,36188
82020,Ursula,Higgins,Mr.Hysterical,87924
90370,Mary,Jumail,Mr.Fallacious,3557
79420,Chloe,Sharkey,Ms.Taboo,38609
62431,Tracy,Finn,Ms.Solid,67427
74363,Hilary,Callaghan,Ms.Lively,76890
33376,Aisling,Mc Gourty,Ms.Hideous,1309
30323,Grainne,Kelly,Ms.Maddening,67168
46305,Ebony,Scally,Ms.Freezing,15169
66851,Sarah,Reilly,Ms.Obese,23060
6521,Michelle,Skrzyszewska,Ms.Ambitious,76434
78155,Rachel,O'Malley,Ms.Political,16787
96940,Katrina,Healy,Ms.Lovely,294
27861,Roxanne,O Reilly,Ms.Flippant,78116
85897,Alison,Mc Gettigan,Ms.Picayune,12498
20697,Emma,Fitzpatrick,Ms.Well-made,96660
24398,Emer,Mc Aleenan,Ms.Blushing,6275
5234,Karina,Cassidy,Ms.Astonishing,26121
33598,Amy,Lenihan,Ms.Stimulating,39511
39411,Janice,Sharkey,Ms.Cynical,33610
82766,Emma,Dwyer,Ms.Sulky,10540
22524,Hazel,Crossan,Ms.Silent,53258
72919,Nicole,Masterson,Ms.Voiceless,65159
71846,Sorcha,Carty,Ms.Fresh,29551
85174,Teresa,Staunton,Ms.Upset,31444
91030,Fiona,Lee,Ms.Well-groomed,42406
67598,Shauna,Kelly,Ms.Excited,90919
62226,Melisa,Monaghan,Ms.Macho,99577
55656,Clodagh,Glynnmartin,Ms.Loving,48169
42409,Alison,Gallagher,Ms.Elastic,62423
34679,Danielle,Mc Aleenan,Ms.Spicy,81023
8665,Michelle,Gallagher,Ms.Drab,10970
19552,Katie,Mc Keon,Ms.Noxious,96343
84100,Emma,O Brien,Ms.Fancy,98465
51974,Laura,Reilly,Ms.Rude,11525
1725,Chloe,Ward,Ms.Sophisticated,42481
59289,Rachel,Fahey,Ms.Plucky,53626
70706,Emma,Casey,Ms.Rough,34921
60216,Nikita,Mitchell,Ms.Elated,44882
40609,Clodagh,Gallagher,Ms.Rightful,23724
44862,Teresa,O Flynn,Ms.Humorous,37246
41305,Lisa,Mulvey,Ms.Cut,70258
16638,Cait,McGarrigle,Ms.Disgusting,62110
48985,Amy,Clail,Ms.Shaggy,47896
9745,Demi,Webb,Dr.Straight,16727
22377,Aideen,Mc Cormack,Dr.Pink,68579
62189,Helen,Hyland,Dr.Furtive,58531
80825,Roisin,Mc Gettigan,Dr.Tasty,52843
36109,Siobhan,Doherty,Dr.Selective,8482
76418,Shauna,Glynnmartin,Dr.Standing,80495
13619,Emer,Mitchell,Dr.Outgoing,8486
45315,Nicole,Higgins,Dr.Tidy,98586
27994,Gail,Higgins,Dr.Futuristic,26208
4018,Siofra,Lenihan,Dr.Ill-informed,98937
61138,Aisling,Cafferty,Dr.Pathetic,25035
9894,Hilary,Timlin,Dr.Empty,34762
77175,Niamh,Gordon,Dr.Charming,94014
11384,Demi,Brennan,Dr.Verdant,51577
7024,Laura,Lee,Dr.Fierce,79728
89329,Grainne,Scally,Dr.Utopian,364
84095,Lorraine,Walsh,Dr.Automatic,12403
30721,Niamh,Monaghan,Dr.Helpful,38560
45703,Laura,Dorange,Dr.Frightening,55872
54573,Rachel,Lynskey,Dr.Direful,54404
95947,Catherine,Kelly,Dr.Trite,82760
70423,Rebecca,Ralph,Dr.Exultant,27487
8886,Aoife,Grennan,Dr.Mundane,15861
31353,Karina,Heneghan,Dr.Next,71176
82696,Emma,Tuffy,Dr.Doubtful,14189
68662,Michaela,Campbell,Dr.Same,73822
86001,Karen,Loftus,Dr.Fortunate,10821
17060,Siofra,Skrzyszewska,Dr.Testy,5572
7360,Aoife,O'Malley,Dr.Dependent,82191
34204,Aoife,McGarrigle,Dr.Wide,55732
21208,Ciara,Sullivan,Dr.Gaudy,66168
50159,Mary,Ralph,Dr.Milky,41311
7169,Hannah,Mc Gourty,Dr.Determined,67529
